{
  "project_info": {
    "project_number": "812075050362",
    "firebase_url": "https://foodindia-da6e7-default-rtdb.firebaseio.com",
    "project_id": "foodindia-da6e7",
    "storage_bucket": "foodindia-da6e7.appspot.com"
  },
  "client": [
    {
      "client_info": {
        "mobilesdk_app_id": "1:812075050362:android:2cdae75e6c7340ac3122c3",
        "android_client_info": {
          "package_name": "com.example.food"
        }
      },
      "oauth_client": [
        {
          "client_id": "812075050362-nr0d7469gst3fc1c6677ov31brn8fndb.apps.googleusercontent.com",
          "client_type": 3
        }
      ],
      "api_key": [
        {
          "current_key": "AIzaSyCIaJBAJzMo9gdbEd1jxjBrefoDtoG0bpE"
        }
      ],
      "services": {
        "appinvite_service": {
          "other_platform_oauth_client": [
            {
              "client_id": "812075050362-nr0d7469gst3fc1c6677ov31brn8fndb.apps.googleusercontent.com",
              "client_type": 3
            }
          ]
        }
      }
    },
    {
      "client_info": {
        "mobilesdk_app_id": "1:812075050362:android:1a77b67a34f75f8e3122c3",
        "android_client_info": {
          "package_name": "com.example.map"
        }
      },
      "oauth_client": [
        {
          "client_id": "812075050362-nr0d7469gst3fc1c6677ov31brn8fndb.apps.googleusercontent.com",
          "client_type": 3
        }
      ],
      "api_key": [
        {
          "current_key": "AIzaSyCIaJBAJzMo9gdbEd1jxjBrefoDtoG0bpE"
        }
      ],
      "services": {
        "appinvite_service": {
          "other_platform_oauth_client": [
            {
              "client_id": "812075050362-nr0d7469gst3fc1c6677ov31brn8fndb.apps.googleusercontent.com",
              "client_type": 3
            }
          ]
        }
      }
    }
  ],
  "configuration_version": "1"
}